osm_id,lon,lat,name
41984084,5.8714715,50.8560095,Schin op Geul (ZLSM)
41984490,5.872192,50.8562794,Schin op Geul
42000020,5.8901819,50.8662479,Klimmen-Ransdaal
42011214,5.7964017,50.873383,Houthem-Sint Gerlach
42032185,5.9294293,50.8868243,Voerendaal
42053780,5.9302707,50.9055895,Hoensbroek
42084791,5.8496109,50.943463,Spaubeek
42088494,5.7872199,50.9478073,Beek-Elsloo
42102055,5.8435038,50.9673493,Geleen Oost
42108132,5.8244169,50.9754547,Geleen-Lutterade
42146945,5.8788758,51.1001285,Echt
42235002,6.0315608,51.2353778,Swalmen
42299017,6.0793649,51.2829991,Reuver
42515590,5.5694537,51.3852314,Heeze
42567343,3.882608,51.4149721,Baarland (SGB)
42614391,4.1186069,51.4326999,Krabbendijke
42668833,3.8800765,51.4539473,Nisse (SGB)
42699513,3.5951472,51.4647709,Vlissingen Souburg
42708577,5.6312597,51.4680291,Helmond 't Hout
42715031,5.7014303,51.4708004,Helmond Brouwhuis
42743713,3.9567925,51.4804309,Kapelle-Biezelinge
42792154,3.6183164,51.4951303,Middelburg
42805451,3.8895966,51.4981406,Goes
42820035,3.6697863,51.5015355,Arnemuiden
42966392,4.4584702,51.5403292,Roosendaal
43044523,5.0516776,51.5652341,Tilburg Universiteit
43115032,5.1934345,51.5820169,Oisterwijk
43124982,4.9241376,51.5840536,Gilze-Rijen
43141497,4.5333535,51.5878095,Oudenbosch
43160670,5.9971102,51.5919957,Vierlingsbeek
43174364,4.78002,51.5951617,Breda
43209011,4.7215646,51.6055497,Breda-Prinsenbeek
43333321,4.6100522,51.6412756,Zevenbergen
43346790,5.9395217,51.6444304,Boxmeer
43527515,4.6635332,51.6902188,Lage Zwaluwe
43568886,5.3191174,51.7005336,'s-Hertogenbosch Oost
43660437,5.8741794,51.726767,Cuijk
43851025,4.6716845,51.7902524,Dordrecht Zuid
43861273,5.6377055,51.79479,Ravenstein
43881819,4.7162147,51.801988,Dordrecht Stadspolders
44002375,4.7432025,51.8295231,Sliedrecht Baanhoek
44017839,4.8785195,51.8323686,Boven Hardinxveld
44061300,5.8530913,51.8431362,Nijmegen
44210416,4.5310151,51.8803491,Rotterdam Lombardijen
44283580,5.093363,51.8946179,Leerdam
44284043,5.0924835,51.8946382,Leerdam
44306118,5.1957702,51.899489,Beesd
44324523,4.3151202,51.9038343,Vlaardingen West
44328035,4.5099385,51.9049278,Rotterdam Zuid
44386148,5.8549331,51.9172427,Elst
44396486,5.7233591,51.9197801,Zetten-Andelst
44404319,6.5786915,51.9212999,Aalten
44408869,5.6736223,51.9224135,Hemmen-Dodewaard
44410530,6.3642471,51.9225983,Terborg
44412148,6.0719818,51.9231973,Zevenaar
44428365,5.6374589,51.9260344,Opheusden
44466136,6.1323152,51.9332884,Didam
44488692,6.458489,51.9372258,Varsseveld
44513069,4.4815737,51.9422835,Rotterdam Noord
44520232,6.0150899,51.9431917,Duiven
44573220,4.5840874,51.9541346,Capelle Schollevaar
44589538,6.2136993,51.9572021,Wehl
44592929,5.5783176,51.9580058,Rhenen
44595534,6.2955059,51.9584076,Doetinchem
44631180,4.6168528,51.9653148,Nieuwerkerk aan den IJssel
44644240,6.7142993,51.9684865,Winterswijk
44727803,5.9012667,51.9845028,Arnhem Centraal
44731315,5.9198537,51.9851504,Arnhem Velperpoort
44742522,5.9429431,51.9875858,Arnhem Presikhaaf
44757299,4.3648153,51.9908,Delft Zuid
44775615,5.8404997,51.9947972,Oosterbeek
44776842,5.9810216,51.9949913,Velp
44822867,5.7923944,52.0056717,Wolfheze
44843881,6.0310626,52.0100685,Rheden
44863814,4.7420758,52.0148838,Gouda Goverwelle
44920604,5.6722729,52.0277348,Ede-Wageningen
44922274,5.5315679,52.0281017,Veenendaal West
44949685,5.1678419,52.0342898,Houten
44974644,4.3219491,52.0373977,Rijswijk
44999893,4.6498406,52.0441163,Waddinxveen
45000922,6.1030178,52.0446407,Dieren
45018824,4.4772981,52.0484521,Driemanspolder
45047359,4.6484442,52.0552029,Waddinxveen Noord
45082393,5.1957906,52.0632287,Bunnik
45086683,5.3706633,52.0641122,Maarn
45095869,5.1432619,52.0664082,Utrecht Lunetten
45099226,4.4786685,52.0667621,Buytenwegh
45112674,4.392994,52.0698797,Forepark
45139736,4.6465718,52.0770685,Boskoop
45159481,6.4499386,52.0807811,Ruurlo
45161860,4.7462415,52.0814373,Bodegraven
45177600,5.6242639,52.0851124,Lunteren
45198301,5.109821,52.0893925,Utrecht Centraal
45204707,6.147059,52.0907483,Brummen
45243362,5.0435521,52.1002155,Utrecht Terwijde
45360025,4.4338366,52.12615,Voorschoten
45376421,5.204637,52.1302537,Bilthoven
45402645,5.0330252,52.135947,Maarssen
45424850,5.2419351,52.1402711,Den Dolder
45449233,4.4928789,52.1467153,Leiden Lammenschans
45457797,4.45648,52.1471157,De Vink
45489203,5.37406,52.1538792,Amersfoort
45535133,5.3028427,52.1652242,Soest-Zuid
45541072,6.426383,52.1668385,Lochem
45569132,5.4039254,52.1748187,Amersfoort Schothorst
45579906,6.0845013,52.177918,Klarenbeek
45581552,5.179554,52.178427,Hollandsche Rading
45601106,5.2999885,52.1838537,Soestdijk
45744866,5.1872864,52.2163979,Hilversum Sportpark
45772848,5.4935449,52.2220158,Nijkerk
45785882,4.4840277,52.2253531,Voorhout
45791851,5.1815137,52.2264853,Hilversum
45807491,6.5855153,52.2302486,Goor
45836125,6.8387983,52.2374213,Enschede Kennispark
45836822,5.1739801,52.2378669,Hilversum Media Park
45884321,6.2156379,52.2503343,Deventer Colmschate
45920072,4.6453582,52.2588593,Nieuw Vennep
45924538,6.715144,52.2601198,Delden
45931397,6.7949086,52.2617754,Hengelo
45946170,5.5758988,52.2654832,Putten
45946917,5.1628651,52.2658454,Bussum Zuid
45960709,6.8197673,52.2690072,Hengelo Oost
46002834,5.1571384,52.2809496,Naarden-Bussum
46015291,6.421178,52.2840605,Holten
46076085,6.748388,52.2985886,Borne
46108981,6.9340349,52.3062438,Oldenzaal
46122858,4.7621813,52.309523,Schiphol Airport
46131574,6.5192633,52.3117227,Rijssen
46132425,5.04396,52.312159,Weesp
46199966,4.9560598,52.3302613,Diemen Zuid
46257382,6.6664249,52.3422418,Almelo de Riet
46333251,4.6067599,52.3595117,Heemstede-Aerdenhout
46342191,6.5921643,52.3614632,Wierden
46367666,5.1903658,52.3675453,Almere Muziekwijk
46383478,5.7836879,52.3706,Nunspeet
46410951,5.2447045,52.376736,Almere Parkwijk
46439907,4.6711456,52.382852,Haarlem Spaarnwoude
46475056,4.606862,52.3911122,Overveen
46475255,6.1410335,52.3910202,Wijhe
46487439,5.2779576,52.3941912,Almere Buiten
46510929,6.6004055,52.4019902,Vriezenveen
46518211,4.6275758,52.4043519,Bloemendaal
46533424,5.893,52.4091595,'t Harde
46563490,4.631318,52.4193419,Santpoort Zuid
46583044,6.2219789,52.4269485,Heino
46603398,4.6324836,52.4338866,Santpoort Noord
46619804,6.5762697,52.4406548,Daarlerveen
46623447,4.6387782,52.4427092,Driehuis
46651568,6.0030917,52.4543958,Wezep
46659662,4.8189966,52.4567737,Zaandam Kogerveld
46661432,6.569568,52.4572912,Vroomshoop
46751266,4.6861461,52.4946222,Heemskerk
46763136,6.2594696,52.4982048,Dalfsen
46780604,4.9544094,52.5040137,Purmerend
46792197,5.4727185,52.5079328,Lelystad Centrum
46799315,6.4172283,52.5096711,Ommen
46804642,4.9670747,52.5112395,Purmerend Overwhere
46844463,4.7027791,52.5214329,Uitgeest
46930023,5.9215725,52.5597447,Kampen
47008351,6.6764348,52.6098569,Gramsbergen
47074269,4.7639375,52.6437794,Alkmaar Noord
47077880,5.0546461,52.6450893,Hoorn
47098594,5.0850783,52.653426,Hoorn Kersenboogerd
47129352,6.7360253,52.6630362,Coevorden
47210817,6.1980483,52.6918925,Meppel
47217829,5.2363181,52.6950724,Bovenkarspel-Grootebroek
47220067,5.253369,52.6960636,Bovenkarspel Flora
47229891,5.287993,52.69956,Enkhuizen
47350480,6.8743723,52.7486908,Emmen Zuid
47417793,4.8052295,52.7852701,Schagen
47429027,6.8996752,52.7906277,Emmen
47430539,6.1164584,52.7912138,Steenwijk
47526218,6.5212374,52.8550687,Beilen
47565148,6.0048122,52.8802572,Wolvega
47654420,5.4231524,52.9464427,Hindeloopen
47670218,4.7606663,52.9568469,Den Helder
47694350,5.4565589,52.9720385,Workum
47729028,6.9355971,52.996187,Museumspoorstation Stadskanaal
47761065,5.6159999,53.0147102,IJlst
47790208,5.6518407,53.0326433,Sneek
47806748,5.6627601,53.0401246,Sneek Noord
47823324,5.8434338,53.0473721,Akkrum
47920693,5.82237,53.0897787,Grou-Jirnsum
48073371,6.7955443,53.1589445,Sappemeer Oost
48074379,6.8662976,53.1592694,Zuidbroek
48075594,6.7710138,53.1597689,Hoogezand-Sappemeer
48077931,6.7404141,53.1607916,Martenshoek
48080064,6.7220983,53.1617455,Kropswolde
48089731,6.9780893,53.1653977,Scheemda
48100676,5.425203,53.1704228,Harlingen
48105668,5.4114144,53.1747483,Harlingen Haven
48117442,5.6347669,53.177746,Dronryp
48128425,5.5498535,53.1824313,Franeker
48144596,5.7280676,53.1887339,Deinum
48162487,5.7929849,53.1964772,Leeuwarden
48176525,5.8424645,53.2021033,Leeuwarden Camminghaburen
48217241,5.9348387,53.2190275,Hurdegaryp
48247583,5.9896977,53.2350899,Feanwâlden
48275465,6.0354693,53.2483052,De Westereen
48289857,6.3098788,53.2558044,Grijpskerk
48336499,6.5404525,53.2915948,Sauwerd
48358465,6.5927108,53.306889,Bedum
48387592,6.862006,53.3257678,Appingedam
48388349,6.6874766,53.3263359,Stedum
48393825,6.52019,53.3301542,Winsum
48397300,6.9069836,53.3319844,Delfzijl West
48402309,6.7473852,53.3348209,Loppersum
48430312,6.5188869,53.3610157,Baflo
48458447,6.5667767,53.3901358,Warffum
48467986,6.609438,53.4009373,Usquert
48475359,6.6748391,53.4096488,Uithuizen
48478158,6.7203372,53.4139668,Uithuizermeeden
230040193,5.3918894,51.8736724,Tiel Passewaaij
232079045,5.0076189,52.1029729,Vleuten
247389009,4.5346914,52.0652471,Willem Dreeslaan
250222266,4.8575769,52.3384028,Amstelveenseweg
250224485,4.8352937,52.3726582,Jan van Galenstraat
250233810,4.9601712,52.2979886,Amsterdam Holendrecht
289445435,4.9305189,52.3294483,Van der Madeweg
291982984,4.400391,52.0647304,Leidschenveen Centrum
292549542,4.9350135,52.4963937,Purmerend Weidevenne
296969125,5.4336789,52.1924632,Amersfoort Vathorst
320494336,5.8519491,51.9544945,Arnhem Zuid
340009109,6.0006119,52.2051555,Apeldoorn De Maten
364712203,5.7367567,50.8964511,Bunde
371378091,6.1438932,52.1574982,Voorst-Empe
382406682,6.0061201,52.2157148,Apeldoorn Osseveld
385535300,6.1007137,52.2383079,Twello
392698113,5.8788202,51.7662754,Mook Molenhoek
413622007,4.9665975,52.3455031,Diemen
413622090,4.9482955,52.3529095,Amsterdam Science Park
427565080,4.9176266,52.3317318,Overamstel
521261183,5.1051956,52.7740682,Medemblik
560140743,5.4232131,51.8896753,Tiel
560815214,5.8678616,51.8268047,Nijmegen Heyendaal
563874508,5.3006021,52.4032804,Almere Oostvaarders
564110582,5.1255235,52.110023,Utrecht Overvecht
564177425,5.7297547,51.8112191,Wijchen
600373089,5.4795482,51.4429739,Eindhoven
635300176,5.7215719,52.5343316,Dronten
693085424,5.5500419,51.4204028,Geldrop
751992465,6.1431094,51.3391874,Tegelen
772826063,5.6304081,51.3041487,Maarheeze
825221409,5.1680432,52.034338,Houten
918622302,6.850412,53.0536671,Museumspoorstation Bareveld
918633134,6.8849785,53.1039225,Veendam
1027174051,5.5306896,51.7651443,Oss
1027174221,5.3696461,51.715247,Rosmalen
1038811024,5.4579504,52.1664146,Hoevelaken
1041166485,6.7036895,51.9746496,Winterswijk West
1095035331,6.3483995,51.9308794,Gaanderen
1112410297,6.5641028,53.2109237,Groningen
1129850249,5.9154829,52.9606727,Heerenveen
1157626105,5.717573,50.8705085,Maastricht Noord
1213571353,6.8862537,53.1049281,Veendam
1233812055,5.1218783,52.0787573,Utrecht Vaartsche Rijn
1268704948,5.1794851,52.0169056,Houten Castellum
1506143976,5.9756699,50.8906539,Heerlen
1506495806,5.8627268,51.0607776,Susteren
1514528408,5.1688452,52.0328663,
1514528411,5.1673346,52.0351089,
1514528413,5.1689686,52.0328991,
1514528421,5.1674609,52.035143,
1515914896,5.167458,52.0347049,
1515914982,5.1678224,52.0348023,
1515915076,5.1687294,52.0334244,
1515915088,5.168378,52.0333386,
1543214128,5.9692518,51.9629903,Westervoort
1560677953,4.8163343,51.8296632,Hardinxveld Blauwe Zoom
1563570846,4.5169358,52.2152104,Sassenheim
1633149045,4.7464023,52.3860619,Halfweg-Zwanenburg
1673444987,5.1313943,52.0876372,Utrecht Maliebaan
1716564811,5.9246878,50.8231082,Eys
1740845240,6.7679502,52.2616514,Hengelo Gezondheidspark
1780517696,7.0274062,52.7560972,
1780527536,7.0096375,52.930308,Museumspoorstation Musselkanaal
1815023530,5.7101165,50.7720298,Eijsden
1962328712,4.6571053,52.1248061,Alphen aan den Rijn
1977738039,4.7781059,51.8295924,Sliedrecht
1983062855,4.4822714,52.1662726,Leiden Centraal
2018322407,5.7506465,50.8827737,Meerssen
2028453341,5.8745796,50.9390309,Schinnen
2132785146,5.1522517,52.3429466,Almere Poort
2195493967,5.898088,50.8330566,Wijlre
2195498166,5.9783533,50.8314821,Simpelveld
2195515087,6.0566467,50.8590632,Kerkrade ZLSM
2195515088,6.0241678,50.8531596,Spekholzerheide
2235176450,5.9866783,52.1599795,Beekbergen
2235176452,6.003991,52.1482881,Immenbergweg
2235179252,6.0293573,52.1293679,Loenen
2235186029,5.9697859,52.2089862,Apeldoorn
2237721918,4.8382223,52.3796134,De Vlugtlaan
2280076817,6.4624206,52.3663954,Nijverdal
2288890193,4.3667642,51.8606172,Hoogvliet
2311310638,4.1625715,51.4227458,Rilland-Bath
2312167098,5.1677661,52.0345804,
2336169715,4.9936415,51.5736774,Tilburg Reeshof
2354203793,5.1685452,52.0333531,
2354203794,5.1686107,52.0333691,
2354203796,5.1679452,52.0342914,
2354203798,5.1675707,52.0347698,
2354203799,5.1676578,52.0347922,
2359446679,5.7176475,50.8376367,Maastricht Randwyck
2369355633,3.8922504,51.4620967,'s-Gravenpolder - 's-Heer Abtskerke (SGB)
2370341277,3.8827027,51.4972422,Goes (SGB)
2370354641,3.8889218,51.4410915,Kwadendamme (SGB)
2370920923,3.9137483,51.4206395,Hoedekenskerke (SGB)
2371004340,3.8568859,51.4129709,Oudelande (Voormalig station SGB)
2578899071,6.8708196,53.0838181,Museumspoorhalte Wildervank
2581766481,5.6680632,52.0432827,Ede Centrum
2636314220,5.5897695,52.1404556,Barneveld Centrum
2640081853,5.9346023,51.7778349,Groesbeek Draisine
2641332941,6.1033427,52.0454027,VSM Dieren
2724002225,4.8925344,52.3693417,
2724002236,4.8922922,52.3693615,
2724002244,4.8922713,52.3693632,
2724002257,4.8920019,52.3693853,
2724002259,4.8919958,52.3693858,
2724002359,4.8926345,52.3694628,
2724002497,4.8920876,52.3695971,
2724002498,4.8920619,52.3695981,
2724002515,4.8926568,52.3696241,
2724002516,4.8926524,52.3696245,
2724002623,4.892139,52.3698008,
2724002690,4.8921767,52.3699174,
2724002697,4.8922311,52.3699259,
2724002705,4.892725,52.3699695,
2724002844,4.8923395,52.3703151,
2724002849,4.8928081,52.370329,
2724002903,4.8928495,52.370389,
2724002939,4.8924361,52.3704275,
2724003266,4.8929049,52.3706376,
2724003394,4.8928876,52.3706862,
2724003506,4.892508,52.3707536,
2724003678,4.8929524,52.3709938,
2724003683,4.8925665,52.3710067,
2724003710,4.8925985,52.3710875,
2724003791,4.8929861,52.3711524,
2724003898,4.8930461,52.3712916,
2724003901,4.8930074,52.3712938,
2724004020,4.8926397,52.3714019,
2724004022,4.8926353,52.3714021,
2724004095,4.8930982,52.3715351,
2724004150,4.8931243,52.3715621,
2724004202,4.8928103,52.3716074,
2724004222,4.8926605,52.3716182,
2724004294,4.8929529,52.3717067,
2724004340,4.8931639,52.3717474,
2724004341,4.8931129,52.3717515,
2724004383,4.8931313,52.3718375,
2724004400,4.892956,52.3718515,
2741068312,4.9024932,52.3670121,
2741068324,4.9028383,52.3670201,
2741068383,4.9024132,52.3670512,
2741068392,4.9024451,52.3670755,
2741068396,4.9024171,52.3670889,
2741068405,4.902449,52.3671132,
2741068406,4.902625,52.3671136,
2741068410,4.9024296,52.3671224,
2741068412,4.9026022,52.3671244,
2741068425,4.9030094,52.3671366,
2741068427,4.9026208,52.3671394,
2741068464,4.9025221,52.3671935,
2741068528,4.9027952,52.3672527,
2741068535,4.9020476,52.3672749,
2741068546,4.9019305,52.367323,
2741068574,4.9019869,52.3673745,
2741068580,4.90217,52.3673867,
2741068589,4.9019232,52.3674007,
2741068607,4.9020408,52.3674533,
2741068626,4.9020061,52.3674765,
2741068649,4.9023227,52.3675111,
2741068651,4.9023703,52.3675222,
2741068654,4.902346,52.3675322,
2741068657,4.902186,52.3675858,
2741068658,4.902259,52.3675992,
2741068660,4.9021348,52.3676138,
2741068664,4.9021611,52.3676345,
2741068665,4.9023134,52.3676488,
2741068671,4.9023589,52.3676902,
2741068673,4.9025795,52.3677123,
2741068678,4.9024296,52.3677546,
2741068680,4.9024444,52.367768,
2742813460,4.9081688,52.3606746,
2742813471,4.9079932,52.3606925,
2742813501,4.9081364,52.3607262,
2742813506,4.9084057,52.3607276,
2742813508,4.9079215,52.3607282,
2742813509,4.9079659,52.3607382,
2742813517,4.9079027,52.36076,
2742813526,4.9083716,52.360782,
2742813537,4.9080878,52.3608035,
2742813538,4.9080548,52.3608037,
2742813545,4.9080833,52.3608106,
2742813574,4.908625,52.3608419,
2742813602,4.9083229,52.3608596,
2742813608,4.90832,52.3608643,
2742813620,4.9083464,52.3608709,
2742813672,4.9085664,52.3609173,
2742813673,4.9085773,52.3609175,
2742813678,4.9085858,52.3609195,
2742813681,4.9085827,52.3609214,
2742813727,4.9083002,52.360973,
2742813765,4.908456,52.3610093,
2742813775,4.9084481,52.3610224,
2742813777,4.9085228,52.3610244,
2742813779,4.9085272,52.3610259,
2742813782,4.9085392,52.3610287,
2742813791,4.9082394,52.3610366,
2742813792,4.9085149,52.3610375,
2742813796,4.9082591,52.3610408,
2742813814,4.9077808,52.3610596,
2742813843,4.9078784,52.3610817,
2742813885,4.9082013,52.3610956,
2742813911,4.9075052,52.3611112,
2742813925,4.9083126,52.3611222,
2742813933,4.9075856,52.3611279,
2742813936,4.9075894,52.3611292,
2742813941,4.9075929,52.3611309,
2742813945,4.9075957,52.361133,
2742813950,4.9075978,52.3611354,
2742813954,4.9083697,52.3611373,
2742813956,4.9075991,52.361138,
2742813957,4.9074903,52.3611383,
2742813961,4.9075996,52.3611407,
2742813965,4.9075993,52.3611434,
2742813969,4.9075985,52.3611454,
2742813975,4.9075421,52.361149,
2742813976,4.9081662,52.3611501,
2742813977,4.9075461,52.3611505,
2742813981,4.907548,52.361152,
2742813983,4.9075494,52.3611546,
2742813989,4.9075493,52.3611565,
2742813991,4.9084607,52.361159,
2742814005,4.908355,52.361164,
2742814073,4.9082664,52.3611749,
2742814079,4.9083615,52.3611764,
2742814128,4.9083969,52.3611856,
2742814184,4.9075687,52.3611991,
2742814202,4.9075685,52.3612014,
2742814210,4.90827,52.3612024,
2742814222,4.907569,52.3612037,
2742814232,4.907522,52.3612058,
2742814235,4.9075704,52.3612058,
2742814241,4.9075725,52.3612077,
2742814244,4.907576,52.3612096,
2742814247,4.9075792,52.3612103,
2742814253,4.9075945,52.3612105,
2742814262,4.9076046,52.3612113,
2742814268,4.9075232,52.3612125,
2742814290,4.9075249,52.3612171,
2742814308,4.9075275,52.3612217,
2742814310,4.9083757,52.3612255,
2742814315,4.9076742,52.361228,
2742814321,4.9075335,52.3612296,
2742814324,4.9075356,52.3612337,
2742814332,4.9075368,52.361238,
2742814338,4.9075368,52.3612445,
2742814540,4.9073455,52.3613436,
2742814629,4.9074706,52.3613633,
2742814640,4.9074683,52.3613655,
2742814993,4.9074649,52.3613669,
2742814997,4.9074579,52.3613671,
2742815001,4.9074608,52.3613674,
2742815082,4.9073239,52.3613829,
2742815177,4.9074034,52.361399,
2742815411,4.9073618,52.3614734,
2742815421,4.9073702,52.3614751,
2742815426,4.9073741,52.3614763,
2742815434,4.9073768,52.3614777,
2742815439,4.9073779,52.3614786,
2742815443,4.9073789,52.3614795,
2742815455,4.9073802,52.3614814,
2742815479,4.9073808,52.3614835,
2742815488,4.9073806,52.3614857,
2742815531,4.9073744,52.3614972,
2742815583,4.9074515,52.3615067,
2742815587,4.9074562,52.3615067,
2742815591,4.9074485,52.3615074,
2742815610,4.907445,52.3615093,
2742815618,4.9074435,52.3615111,
2742815627,4.9080504,52.3615139,
2742815661,4.9080521,52.3615256,
2742815680,4.9075869,52.3615374,
2742815748,4.9080221,52.3615642,
2742815750,4.9080296,52.3615657,
2742815816,4.908012,52.3615818,
2742815845,4.9080425,52.3615879,
2742816181,4.9078815,52.3616002,
2742816225,4.9080289,52.3616094,
2742816228,4.908033,52.3616102,
2742816312,4.907531,52.3616257,
2742816349,4.9080236,52.3616322,
2742816574,4.9078216,52.3616949,
2746493059,4.811522,52.867721,Anna Paulowna
2757269573,6.5950987,52.0122561,Lichtenvoorde-Groenlo
2774893307,5.054597,52.6456075,Hoorn
2786292541,4.9674612,51.8335723,Gorinchem
2786293113,4.9672378,51.8334549,
2786293119,4.9674664,51.833508,
2786293123,4.9674614,51.8335152,
2786293128,4.9671698,51.8335518,
2786293129,4.967636,51.8335537,
2786293130,4.9676301,51.833562,
2786293131,4.9672098,51.8335626,
2786293132,4.9671986,51.8335786,
2786293133,4.9672746,51.8335792,
2786293134,4.9677533,51.8335952,
2786293135,4.9672628,51.8335959,
2786293140,4.9676867,51.8336902,
2803572197,5.1825103,52.690467,Hoogkarspel
2812863011,6.6180871,53.174863,Haren
2815620698,5.8328817,50.8692901,Valkenburg
2829567610,6.3962111,53.1684092,
2829567611,6.3963444,53.1684131,
2829567612,6.3963437,53.1684225,
2829567613,6.3963576,53.1684229,
2829567614,6.3963568,53.1684327,
2829567615,6.3964368,53.1684351,
2829567616,6.3962053,53.1684805,
2829567617,6.3962238,53.1684811,
2829567618,6.396433,53.1684811,
2829567619,6.3964451,53.1684814,
2829567620,6.3962181,53.168552,
2829567621,6.3964389,53.1685584,
2854696578,5.6199961,52.3377999,Harderwijk
2891601965,5.6144134,52.3011045,Ermelo
2902677221,6.0662863,52.1027606,Eerbeek
2983733524,5.1681345,52.0340078,Houten
2989906405,6.7853579,52.1917673,Zoutindustrie
2989925910,6.7381973,52.1584463,Haaksbergen
2989934275,6.8008997,52.2048225,Boekelo
3093842602,4.6364738,51.5752027,Etten-Leur
3105151948,5.0893544,52.1032324,Utrecht Zuilen
3149917960,4.4543452,51.9900701,Berkel Westpolder
3149917961,4.4809113,51.9179525,Beurs
3149917962,4.4581485,51.9306123,Blijdorp
3149917963,4.3198989,51.8333189,De Akkers
3149917964,4.3316246,51.8377526,Heemraadlaan
3149917966,4.3820605,52.0775803,Leidschendam-Voorburg
3149917967,4.481973,51.9140281,Leuvehaven
3149917968,4.4947225,51.8971937,Maashaven
3149917970,4.462218,51.95592,Meijersplein
3149917971,4.4646343,51.948473,Melanchthonweg
3149917972,4.4146347,52.0476921,Nootdorp
3149917973,4.4369745,52.0205662,Pijnacker Centrum
3149917974,4.445805,52.0050029,Pijnacker Zuid
3149917975,4.3957911,51.8617162,Poortugaal
3149917976,4.4194638,51.8591114,Rhoon
3149917977,4.4967979,51.9035842,Rijnhaven
3149917978,4.4608275,51.9754,Rodenrijs
3149917979,4.3344573,51.8465462,Spijkenisse Centrum
3149917980,4.4784646,51.9232255,Stadhuis
3149917982,4.3767716,51.8626297,Tussenwater
3149917983,4.3653147,52.0823292,Voorburg 't Loo
3149917984,4.4926311,51.9076136,Wilhelminaplein
3149917985,4.3626878,51.8551574,Zalmplaat
3149917986,4.4883271,51.8868946,Zuidplein
3187687707,4.8928643,52.3716466,
3234513661,5.8224752,51.8272972,Nijmegen Goffert
3293165266,5.8926557,50.9198291,Nuth
3376839743,4.3565675,52.0075489,Delft
3479331097,4.3245487,52.0808443,Den Haag Centraal
3497550450,4.3215428,52.0694594,Den Haag HS
3501464156,4.3085449,52.054519,Den Haag Moerwijk
3504104382,4.343651,52.0792112,Den Haag Laan van NOI
3505712905,4.3700691,52.0909985,Den Haag Mariahoeve
3507247429,4.3595644,52.0665882,Voorburg
3508543971,4.390848,52.0558168,Den Haag Ypenburg
3517452398,4.4705733,52.0627697,Voorweg Laag
3517471133,4.4711784,52.0629362,Voorweg Hoog
3518163015,4.4834971,52.0606493,Centrum West
3519612824,4.4921412,52.0544224,Dorp
3519649713,4.4870404,52.0508275,Delftsewallen
3519955804,4.4699165,52.0554285,Meerzicht
3520189614,4.4949009,52.0719449,De Leyens
3520398377,4.5095883,52.0690131,Leidsewallen
3520700034,4.515322,52.0630519,Seghwaert
3520739916,4.5064191,52.0596852,Palenstein
3526392072,4.5427122,52.0603033,Oosterheem
3526444979,4.5378647,52.053733,Javalaan
3559189848,4.0376319,51.4649912,Kruiningen-Yerseke
3578080067,4.9092183,52.6780448,Obdam
3591583930,5.3104481,52.1727524,Soest
3594213353,6.2781841,52.3913931,Raalte
3594558701,6.5710829,52.9922644,Assen
3598701583,6.0142546,51.526454,Venray
3752165187,6.627603,52.5723383,Hardenberg
3752165189,6.5742267,52.509025,Mariënberg
3812682231,6.396494,53.168591,
3812682232,6.3967527,53.1685931,
3812682233,6.3967598,53.16854,
3812682234,6.396494,53.1685272,
3812682235,6.3967562,53.1685671,
3812682241,6.3964347,53.1684609,
3815322855,6.3963231,53.1685566,
3827196189,4.6411824,51.8152743,Zwijndrecht
3827257157,4.5526538,51.8552885,Barendrecht
3938547498,4.8381062,52.3890317,Amsterdam Sloterdijk
3986455402,5.3598,52.8866043,Stavoren
3986455407,5.4107682,52.9024767,Koudum-Molkwerum
4005961975,4.9470196,52.3122513,Amsterdam Bijlmer ArenA
4031094084,6.7585127,53.4212159,Roodeschool
4034243636,5.9527967,50.8961424,Heerlen Woonboulevard
4040491812,4.9175567,52.3464656,Amsterdam Amstel
4041466061,5.0837293,51.560531,Tilburg
4041487491,5.2921212,51.6555908,Vught
4041503843,5.4570243,51.450363,Eindhoven Strijp-S
4041505713,5.3186317,51.5848681,Boxtel
4041574195,5.2633823,51.8078029,Zaltbommel
4041579851,5.2714789,51.8825577,Geldermalsen
4041584745,5.2267808,51.9470421,Culemborg
4041640589,4.9890129,52.296338,Gein
4041640590,4.9744218,52.2956478,Reigersbos
4041642874,4.9843223,52.3113175,Gaasperplas
4041662264,4.9735502,52.3230792,Ganzenhoef
4041662265,4.9791233,52.3170313,Kraaiennest
4041664287,4.9463398,52.3267669,Venserpolder
4041666291,4.9364854,52.3235282,Duivendrecht
4046323545,4.8902289,52.3370349,Amsterdam RAI
4046383465,4.9413557,52.3185355,Strandvliet
4046388677,4.9522364,52.3066107,Bullewijk
4048801938,4.5476727,51.919502,'s-Gravenweg
4048801939,4.5702668,51.9657663,Ambachtsland
4048801940,4.5356539,51.9603316,Binnenhof
4048801941,4.5895585,51.9313801,Capelle Centrum
4048801942,4.5579589,51.9214526,Capelsebrug
4048801943,4.4582888,51.9094712,Coolhaven
4048801944,4.6003816,51.9359471,De Terp
4048801945,4.5784685,51.9688713,De Tochten
4048801946,4.4457004,51.9099946,Delfshaven
4048801947,4.4660933,51.9122487,Dijkzigt
4048801948,4.4737483,51.9163189,Eendrachtsplein
4048801949,4.5058424,51.9258903,Gerdesiaweg
4048801950,4.5494492,51.957222,Graskruid
4048801951,4.5532063,51.9632093,Hesseplaats
4048801954,4.5333087,51.9215314,Kralingse Zoom
4048801955,4.4328284,51.9132828,Marconiplein
4048801956,4.5865238,51.9796754,Nesselande
4048801957,4.5617819,51.9648489,Nieuw Verlaat
4048801958,4.5546319,51.9452288,Oosterflank
4048801959,4.4969859,51.9233607,Oostplein
4048801960,4.393958,51.9212698,Parkweg
4048801961,4.3817895,51.8849426,Pernis
4048801962,4.5565395,51.9407693,Prinsenlaan
4048801963,4.54287,51.961505,Romeynshof
4048801964,4.5524827,51.9517162,Rotterdam Alexander
4048801966,4.4892563,51.9199367,Rotterdam Blaak
4048801967,4.4686942,51.9249584,Rotterdam Centraal
4048801968,4.5634734,51.9319373,Schenkel
4048801969,4.4094956,51.9217,Schiedam Centrum
4048801970,4.4776947,51.8745945,Slinge
4048801971,4.578324,51.9284776,Slotlaan
4048801972,4.3846339,51.9155498,Troelstralaan
4048801973,4.3719899,51.9091538,Vijfsluizen
4048801974,4.5130756,51.9250232,Voorschoterlaan
4053335995,4.8343026,52.3524713,Heemstedestraat
4061881142,6.4729673,52.7335031,Hoogeveen
4064153245,4.9662522,52.328939,Verrijn Stuartweg
4073693626,4.9210115,52.3399595,Spaklerweg
4073693628,4.9120253,52.3544624,Wibautstraat
4073743506,4.9008788,52.3713176,Nieuwmarkt
4075987791,4.8345025,52.3464029,Henk Sneevlietweg
4076017504,4.8340268,52.3578369,Amsterdam Lelylaan
4077313759,4.8507911,52.3951598,Isolatorweg
4077313763,4.8339612,52.3642921,Postjesweg
4085675596,5.2937086,51.6905164,'s-Hertogenbosch
4085675598,4.7406979,52.6381293,Alkmaar
4085675599,4.6591148,52.5453379,Castricum
4085675600,4.7011338,52.6000225,Heiloo
4085675602,5.9938511,51.1925659,Roermond
4085675603,5.8588913,51.0020038,Sittard
4085675604,4.8137421,52.4382493,Zaandam
4144568336,4.9773816,52.2785602,Abcoude
4144571678,4.9906222,52.1708294,Breukelen
4154223955,5.6082164,51.4625717,Helmond Brandevoort
4154223956,5.7941469,51.8238781,Nijmegen Dukenburg
4154223957,5.8597968,51.8625632,Nijmegen-Lent
4154223958,6.1134201,52.3354376,Olst
4154223959,5.5069782,51.7583714,Oss West
4159816391,6.1452078,53.2563902,Buitenpost
4159816392,6.4067456,53.2481468,Zuidhorn
4185358280,4.8057178,52.457764,Koog aan de Zaan
4185358281,4.8051566,52.4692791,Zaandijk Zaanse Schans
4185358282,4.7552412,52.4950503,Krommenie-Assendelft
4185358283,4.7936282,52.4892769,Wormerveer
4203968191,4.8924874,52.0850884,Woerden
4203968192,4.4934339,52.0463461,Zoetermeer Oost
4203968193,4.476916,52.0475562,Zoetermeer
4205279190,6.3171531,52.1073107,Vorden
4213072667,4.8236817,52.6702428,Heerhugowaard
4213072668,5.5739271,52.0459528,Veenendaal-De Klomp
4290854847,4.9005805,52.378901,Amsterdam Centraal
4309432493,5.549098,52.0200045,Veenendaal Centrum
4331043170,6.8488011,52.7183661,Nieuw Amsterdam
4343430415,5.583255,51.9315803,Kesteren
4346546237,4.9929562,51.8722446,Arkel
4347209276,4.8355964,51.8303521,Hardinxveld-Giessendam
4425618606,4.6677478,51.8075316,Dordrecht
4487545500,4.7058737,52.0173297,Gouda
4487548898,4.9312846,52.3606515,Amsterdam Muiderpoort
4487550666,5.7041332,51.2486944,Weert
4487554970,6.0912373,52.5050086,Zwolle
4487559980,6.8897811,52.2223649,Enschede
4506140444,5.0719098,52.7502051,Twisk
4506140445,5.0739151,52.7602798,Opperdoes
4517413682,5.033155,52.6825598,Wognum-Nibbixwoud
4519026692,4.6988698,52.2928668,Hoofddorp
4530820007,6.1611049,52.2572928,Deventer
4530820009,5.9689735,52.2092784,Apeldoorn
4530820010,6.6544143,52.3577052,Almelo
4555433902,6.171433,51.3650504,Venlo
4555433905,6.155296,51.3724162,Blerick
4555433907,6.0413246,51.4270926,Horst-Sevenum
4555433908,5.787888,51.4562284,Deurne
4555433909,5.6617236,51.475411,Helmond
4555468696,5.2191684,52.3752492,Almere Centrum
4555498838,4.7641527,52.9326177,Den Helder Zuid
4570324738,7.0356099,53.139151,Winschoten
4642476217,4.5659336,52.3031231,Hillegom
4743205152,4.6463211,52.0674005,Boskoop Snijdelwijk
4747648540,6.5565819,53.2301283,Groningen Noord
4864373374,5.0652431,52.0989682,Utrecht Leidsche Rijn
4885827206,5.2817372,52.2081312,Baarn
4913706262,5.1686088,52.033202,
4913706263,5.168766,52.0332073,
4913706265,5.168601,52.033213,
4913706266,5.1687596,52.033217,
4913707138,5.2594593,52.065174,Driebergen-Zeist
4935253704,4.5311983,52.3757232,Zandvoort aan Zee
4942856206,3.9134595,51.4216751,Pluimweide
5167840387,4.2963297,51.4951421,Bergen op Zoom
5193927668,4.4696361,51.9239359,Rotterdam Centraal
5252617525,6.585821,53.2047056,Groningen Europapark
5252716645,4.6385788,52.3880778,Haarlem
5252944882,4.8734324,52.3390172,Amsterdam Zuid
5260996738,5.3892206,51.5098165,Best
5267675295,4.8742325,52.3391945,Zuid
5267675296,4.838877,52.3890161,Amsterdam Sloterdijk
5267735554,4.3255311,52.0807633,Den Haag Centraal
5267735555,4.5519074,51.9514306,Alexander
5304748993,5.1673978,52.035126,
5304748994,5.1689069,52.0328827,
5311118145,5.7052501,50.8501783,Maastricht
5316997823,6.0571855,50.8608527,Kerkrade Centrum
5316997912,6.0196861,50.896491,Landgraaf
5316999958,5.9941087,50.8901996,Heerlen de Kissel
5320427711,4.361647,51.9101567,Vlaardingen Oost
5320428567,4.3438134,51.9031357,Vlaardingen Centrum
5320431173,4.2536121,51.9164542,Maassluis Centrum
5320433276,4.383435,51.9227659,Schiedam Nieuwland
5320436262,4.235402,51.9260714,Maassluis West
5360384018,4.8893261,52.3377124,Station RAI
5410560059,4.5185034,52.0410702,Lansingerland-Zoetermeer
5410733860,4.649097,52.0272608,Waddinxveen Triangel
5424713348,4.9009578,52.3774316,Centraal Station
5546029881,5.5425301,51.2461291,Hamont
5661145776,5.9132744,52.5329839,Kampen Zuid
5687009081,6.0445228,50.8905958,Eygelshoven
5687009082,6.0595563,50.8762291,Chevremont
5690791236,6.3967924,53.1687546,Genzelbahn
5737467956,4.8914727,52.3416064,Europaplein
5737467957,4.8906926,52.3539754,De Pijp
5737467958,4.8911097,52.3606741,Vijzelgracht
5737467960,4.9187004,52.3889316,Noorderpark
5737467961,4.9323589,52.4019931,Noord
5977673549,6.0512888,52.5278636,Zwolle Stadshagen
6202080926,4.2248525,51.9325971,Steendijkpolder
6206333075,4.1285209,51.9753292,Hoek van Holland Haven
